Feature,Importance
numeric__Internal_Appeal_to_Denial_Rate_Raw,0.022947867190606073
numeric__Total_Appeal_to_Denial_Rate,0.021297651055460966
numeric__Total_Appeal_to_Denial_Rate_Raw,0.020209093995459324
numeric__Internal_Appeal_to_Denial_Rate,0.02012494785542873
numeric__Average Monthly Enrollment_suppressed,0.01924515256313817
numeric__Issuer_Out_of_Network_Resubmission_Rate_Raw,0.018544576014275928
numeric__Issuer_Out_of_Network_Resubmission_Rate,0.014962893544701152
numeric__Average Monthly Disenrollment_suppressed,0.014754188415037912
numeric__Issuer_Total_Resubmitted_Claims,0.014599195560021198
numeric__External_Appeal_to_Denial_Rate_Raw,0.014049260499417944
numeric__Other_Denial_Rate_Raw,0.013908912863240787
numeric__Issuer_Claims_Resubmitted_Out_of_Network,0.013743850587476066
numeric__Issuer_Total_Denied_Claims,0.012573586106240101
numeric__Plan_In_Network_Claim_Ratio_Missing_Flag,0.011928050038925735
numeric__Enrollment_Data_Missing_Count,0.011811420301052996
numeric__Other_Denial_Rate,0.011550305846350925
numeric__Issuer_Internal_Appeals_Filed,0.011549836609210665
numeric__Total_Appeals,0.011421979668209375
numeric__Issuer_Number_Internal_Appeals_Overturned,0.011415074008107193
numeric__Plan_Overall_Denial_Rate_Missing_Flag,0.011346130763482813
numeric__Issuer_Claims_Denied_Out_of_Network,0.011300402748871745
numeric__Issuer_Claims_Resubmitted_In_Network,0.011200902112813927
numeric__Issuer_ID,0.010919330476264904
numeric__Issuer_Received_Minus_Resubmitted,0.01088609828721936
numeric__Total_Overturned_Appeals,0.010594328713150475
numeric__External_Appeal_to_Denial_Rate,0.010470840444082776
numeric__Plan_Out_of_Network_Claim_Ratio_Missing_Flag,0.010230437421961591
numeric__Issuer_In_Network_Claim_Ratio_Raw,0.010041707468797487
numeric__Issuer_Claims_Received_Out_of_Network,0.00991571572737702
numeric__Issuer_In_Network_Denial_Rate,0.009757570513566176
numeric__Issuer_Overall_Denial_Rate,0.009663872978790686
numeric__Issuer_Out_of_Network_Claim_Ratio,0.00921521024162061
numeric__Issuer_Overall_Resubmission_Rate,0.009148153553239393
numeric__Issuer_Received_Minus_Denied,0.009102035042200153
numeric__Issuer_In_Network_Claim_Ratio,0.009059653739441297
numeric__Issuer_Claims_Denied_In_Network,0.008878037851409209
numeric__Suppressed_or_NonNumeric_Count,0.008817920317069159
numeric__Issuer_Out_of_Network_Claim_Ratio_Raw,0.008793370095407113
numeric__Issuer_Overall_Denial_Rate_Raw,0.008712819932893027
numeric__Denied_Claims_Per_Enrollee_Missing_Flag,0.008283757469917696
numeric__Issuer_Total_Claims,0.008241688725378529
numeric__Issuer_Claims_Received_In_Network,0.008043236498871424
numeric__Total_External_Appeals,0.007982509847400288
numeric__Plan_Out_of_Network_Denial_Rate_Missing_Flag,0.007967333893646492
numeric__Issuer_In_Network_Denial_Rate_Raw,0.007789362195825661
numeric__Issuer_In_Network_Resubmission_Rate_Raw,0.007517743451061018
numeric__Issuer_Overall_Resubmission_Rate_Raw,0.007457516656214317
numeric__Important_Missing_Rate,0.007231939534098634
numeric__Issuer_In_Network_Resubmission_Rate,0.007153641004372237
numeric__Issuer_External_Appeals_Filed,0.0071457692674440024
numeric__Total_Internal_Appeals,0.007127553444576895
numeric__Appeal_Data_Missing_Count,0.00694326616318627
numeric__Plan_In_Network_Denial_Rate_Missing_Flag,0.006831090594495392
numeric__Plan_to_Issuer_Claim_Volume_Ratio,0.006460087113222035
numeric__Total_Important_Missing_Count,0.006341245987233722
numeric__Member_Not_Covered_Denial_Rate_Missing_Flag,0.006318776459318861
numeric__Plan_Overall_Resubmission_Rate_Missing_Flag,0.006232477114893475
numeric__Plan_Out_of_Network_Resubmission_Rate_Missing_Flag,0.006166422725305348
numeric__Claims_Per_Enrollee_Missing_Flag,0.006012625043692598
numeric__External_Appeal_Overturn_Rate,0.005773061933667253
numeric__Plan_Total_Claims,0.0057046058007236096
numeric__Plan_to_Issuer_Denied_Claim_Ratio_Raw,0.005578845092676381
numeric__Issuer_Out_of_Network_Denial_Rate_Raw,0.005526580707290859
numeric__Services_Excluded_Denial_Rate_Missing_Flag,0.005317077013155968
numeric__Issuer_Out_of_Network_Denial_Rate,0.005270515055884139
numeric__External_Appeal_Overturn_Rate_Raw,0.0052691288808645945
categorical__Is_Issuer_New_to_Exchange?(Yes_or_No)_Yes,0.0050455517851432895
numeric__Plan_to_Issuer_Claim_Volume_Ratio_Raw,0.004972991268692406
numeric__Administrative_Denial_Rate_Missing_Flag,0.004960360829992999
numeric__Plan_Number_Claims_Denied_In_Network,0.004910489366007264
numeric__Plan_Number_Claims_Received_Out_of_Network,0.0048557617792542385
numeric__Issuer_In_Network_Resubmission_Rate_Missing_Flag,0.004834931474846214
numeric__Plan_Total_Denied_Claims,0.004556373750701872
numeric__Internal_Appeal_Overturn_Rate_Raw,0.004535820714557311
numeric__Resubmitted_Claims_Per_Enrollee_Missing_Flag,0.004502893234413111
numeric__Plan_Number_Claims_Denied_Services_Excluded,0.004446682259255365
numeric__Plan_Received_Minus_Denied,0.00423529903940939
numeric__Issuer_Percent_Internal_Appeals_Overturned,0.004229021001357403
numeric__Plan_to_Issuer_Denied_Claim_Ratio,0.00414990092816187
numeric__Referral_Required_Denial_Rate_Missing_Flag,0.004022227353995441
numeric__Plan_In_Network_Resubmission_Rate_Missing_Flag,0.00402128634771063
numeric__Disenrollment_Rate_Missing_Flag,0.003929604230956601
numeric__Issuer_Claims_Missing_Count,0.0038741780816257563
numeric__Administrative_Denial_Count,0.00384791284338103
numeric__Issuer_Out_of_Network_Denial_Rate_Missing_Flag,0.0037035260410901564
numeric__Plan_In_Network_Claim_Ratio,0.0036880401656991285
numeric__Plan_Number_Claims_Denied_Due_To_Administrative_Reason,0.003661339205910923
numeric__Medical_Necessity_Denial_Rate_Raw,0.0036581114261488557
numeric__Issuer_Percent_External_Appeals_Overturned,0.00362347582911322
numeric__Plan_Out_of_Network_Claim_Ratio,0.003616388266767352
numeric__Administrative_Denial_Rate,0.0035834249239458165
numeric__Other_Denial_Rate_Missing_Flag,0.0035289516194649756
categorical__Is_Issuer_New_to_Exchange?(Yes_or_No)_No,0.0035094439390782857
numeric__Referral_Required_Denial_Rate,0.003506352047498841
numeric__Issuer_Overall_Resubmission_Rate_Missing_Flag,0.003438326238911864
numeric__Plan_Received_Minus_Resubmitted,0.0034123390704078765
numeric__Issuer_Number_External_Appeals_Overturned,0.0033760229323012607
numeric__Administrative_Denial_Rate_Raw,0.003355812879646698
numeric__Internal_Appeal_Overturn_Rate,0.003327182884339204
numeric__Plan_Out_of_Network_Claim_Ratio_Raw,0.0033148093794291185
categorical__State_WI,0.003235621612531988
numeric__Plan_In_Network_Claim_Ratio_Raw,0.003203026540173682
numeric__Plan_Overall_Resubmission_Rate_Raw,0.00318032660710305
numeric__Medical_Necessity_Denial_Count,0.003149022132463202
numeric__Plan_Claims_Missing_Count,0.003103029099277327
numeric__Plan_Overall_Resubmission_Rate,0.0030975716451611783
numeric__Plan_Number_Claims_Resubmitted_In_Network,0.003080110815707805
numeric__Medical_Necessity_Denial_Rate,0.003010753554128156
numeric__Overall_Appeal_Overturn_Rate,0.0029906527050425837
numeric__Overall_Appeal_Overturn_Rate_Missing_Flag,0.0029120645512596814
numeric__Issuer_Out_of_Network_Resubmission_Rate_Missing_Flag,0.0028805509871636273
numeric__Out_of_Network_Denial_Rate_Missing_Flag,0.002873088579333927
numeric__Services_Excluded_Denial_Count,0.0028429566504143237
numeric__Plan_In_Network_Denial_Rate,0.0028420032110929227
numeric__Plan_Number_Claims_Denied_Due_To_Member_Not_Covered,0.0028057620317544305
numeric__Referral_Required_Denial_Rate_Raw,0.0028001138999324392
numeric__Plan_Number_Claims_Denied_Not_Medically_Necessary_Excluding_Behavioral_Health,0.0027170863930133004
numeric__Medical_Necessity_Denial_Rate_Missing_Flag,0.002712185756268546
numeric__Overall_Appeal_Overturn_Rate_Raw,0.0027016036300043953
numeric__Issuer_In_Network_Claim_Ratio_Missing_Flag,0.002677116313460884
numeric__Plan_Number_Claims_Denied_Out_of_Network,0.0026423936615050216
numeric__Plan_Number_Claims_Denied_Referral_Required,0.002616282672805487
numeric__Investigational_Experimental_Cosmetic_Denial_Rate_Missing_Flag,0.002613456845933041
numeric__Plan_In_Network_Denial_Rate_Raw,0.0025444417795980256
numeric__Plan_Number_Claims_Received_In_Network,0.002518920176272458
numeric__Plan_Number_Claims_Resubmitted_Out_of_Network,0.0024628690346176676
numeric__Issuer_In_Network_Denial_Rate_Missing_Flag,0.0024339426101016564
numeric__Referral_Required_Denial_Count,0.0023912304244853664
numeric__Services_Excluded_Denial_Rate,0.0023847301626196402
numeric__Issuer_Out_of_Network_Claim_Ratio_Missing_Flag,0.0023768576084987163
numeric__Average Monthly Enrollment,0.0021686326813123553
numeric__Issuer_Overall_Denial_Rate_Missing_Flag,0.002107871972216614
numeric__Member_Not_Covered_Denial_Count,0.0020983319734049393
numeric__Behavioral_Health_Medical_Necessity_Denial_Rate_Raw,0.0020675483845322188
numeric__Other_Denial_Count,0.0020117398958379
categorical__Financial_Information_Missing URL,0.0019982075478994677
numeric__Behavioral_Health_Medical_Necessity_Denial_Rate,0.0019864617126293914
numeric__Plan_Total_Resubmitted_Claims,0.0019477155316088835
numeric__Plan_Overall_Denial_Rate,0.0019297173296172192
numeric__Total_Appeal_to_Denial_Rate_Missing_Flag,0.001914416203758255
numeric__Plan_In_Network_Resubmission_Rate_Raw,0.0018990090416479972
numeric__Behavioral_Health_Medical_Necessity_Denial_Count,0.0018554445408251275
numeric__Services_Excluded_Denial_Rate_Raw,0.0018400877756942547
numeric__Plan_Number_Claims_Denied_Other,0.0018359426144359133
numeric__Plan_In_Network_Resubmission_Rate,0.0018166383773960634
numeric__Plan_Overall_Denial_Rate_Raw,0.0017541319438688164
numeric__Internal_Appeal_Overturn_Rate_Missing_Flag,0.001747020046355627
numeric__Plan_Number_Claims_Denied_Due_To_Out_Of_Network,0.0016751053581106983
categorical__State_NE,0.00162236893142422
categorical__State_TX,0.0016215850127581524
numeric__Out_of_Network_Denial_Rate,0.0016063880753282524
numeric__Out_of_Network_Denial_Rate_Raw,0.0016031851234344424
numeric__Member_Not_Covered_Denial_Rate,0.0015985296269653364
numeric__Benefit_Limit_Denial_Rate_Missing_Flag,0.001584963843605778
numeric__Denied_Claims_Per_Enrollee_Raw,0.0015827090266851297
numeric__Benefit_Limit_Denial_Rate,0.0015518511937406736
numeric__Plan_Number_Claims_Denied_Not_Medically_Necessary_Behavioral_Health_Only,0.0014562831099539343
numeric__Plan_Number_Claims_Denied_Due_To_Enrolle_Benefit_Limit_Reached,0.0014115530700292128
numeric__Benefit_Limit_Denial_Rate_Raw,0.0013805764190511242
numeric__Resubmitted_Claims_Per_Enrollee,0.0013385512366362146
numeric__Internal_Appeal_to_Denial_Rate_Missing_Flag,0.001332281569868641
numeric__Claims_Per_Enrollee,0.0013166435555346308
categorical__Exchange_Type_FFE,0.0012981376510154687
numeric__Resubmitted_Claims_Per_Enrollee_Raw,0.0012962946263359236
numeric__Plan_Out_of_Network_Denial_Rate_Raw,0.0012961344262888942
numeric__Member_Not_Covered_Denial_Rate_Raw,0.0012566418494919624
numeric__Plan_Number_Claims_Denied_Due_To_Investigational_Experimental_Cosmetic_Proceduce,0.001225770988877791
numeric__Claims_Per_Enrollee_Raw,0.0012242693204548081
categorical__State_OK,0.0011982678654258998
numeric__Plan_Out_of_Network_Resubmission_Rate,0.0011958188052310576
numeric__Denied_Claims_Per_Enrollee,0.0011485655282758654
numeric__Benefit_Limit_Denial_Count,0.0011264939911763995
numeric__Plan_Out_of_Network_Denial_Rate,0.0011261768315457815
numeric__Issuer_Percent_External_Appeals_Overturned_suppressed,0.001113482236593181
numeric__Plan_to_Issuer_Claim_Volume_Ratio_Missing_Flag,0.0011091489469490414
numeric__Investigational_Experimental_Cosmetic_Denial_Rate_Raw,0.001016092650874679
numeric__Investigational_Experimental_Cosmetic_Denial_Rate,0.0009668692047288774
numeric__Out_of_Network_Denial_Count,0.0009190798104590519
categorical__Financial_Information_https://www.naic.org/cis_refined_results.htm?TABLEAU=CIS_FINANCIAL&COCODE=12459&:refresh,0.00089690913234562
categorical__Exchange_Type_SPE,0.0008930058325045859
categorical__SADP_Only_No,0.0008824691446930359
categorical__State_IA,0.00082623730762548
numeric__Plan_Out_of_Network_Resubmission_Rate_Raw,0.0008120261613283334
categorical__Financial_Information_https://www.naic.org/cis_refined_results.htm?TABLEAU=CIS_FINANCIAL&COCODE=16272&:refresh,0.0008101313780953906
numeric__External_Appeal_Overturn_Rate_Missing_Flag,0.000804172160855325
numeric__Issuer_Number_Internal_Appeals_Overturned_suppressed,0.0007962358304385746
categorical__Financial_Information_https://www.naic.org/cis_refined_results.htm?TABLEAU=CIS_FINANCIAL&COCODE=38520&:refresh,0.0007422487418211869
numeric__Issuer_Number_External_Appeals_Overturned_suppressed,0.0007295866239968667
numeric__External_Appeal_to_Denial_Rate_Missing_Flag,0.0007042814399862274
numeric__Investigational_Experimental_Cosmetic_Denial_Count,0.0006870265114921848
categorical__source_sheet_Ind_SADP,0.0005990988319839942
categorical__State_TN,0.000574858526567517
categorical__QHP or SADP?_SADP,0.0005744049325809444
numeric__Disenrollment_Rate,0.0005492946200086234
categorical__Financial_Information_https://www.naic.org/cis_refined_results.htm?TABLEAU=CIS_FINANCIAL&COCODE=15941&:refresh,0.0005296624123529864
categorical__SADP_Only_Yes,0.0005066942596235453
categorical__Metal_Level_Low,0.0005066400296411101
categorical__Plan_Type_HMO,0.0005065407567221485
categorical__State_FL,0.0005060235854689209
categorical__Financial_Information_https://www.naic.org/cis_refined_results.htm?TABLEAU=CIS_FINANCIAL&COCODE=28207&:refresh,0.0005040641785593697
numeric__Behavioral_Health_Medical_Necessity_Denial_Rate_Missing_Flag,0.00048135626943585845
categorical__State_AR,0.000463494330988481
categorical__Financial_Information_https://www.naic.org/cis_refined_results.htm?TABLEAU=CIS_FINANCIAL&COCODE=11691&:refresh,0.00045303538591594445
categorical__State_LA,0.0004454264332605155
numeric__Issuer_Percent_Internal_Appeals_Overturned_suppressed,0.000443262008057243
categorical__Financial_Information_https://www.naic.org/cis_refined_results.htm?TABLEAU=CIS_FINANCIAL&COCODE=15777&:refresh,0.00044217742667786034
numeric__Issuer_External_Appeals_Filed_suppressed,0.0004328355529451924
categorical__Financial_Information_https://www.naic.org/cis_refined_results.htm?TABLEAU=CIS_FINANCIAL&COCODE=77780&:refresh,0.000424985571709502
numeric__Average Monthly Disenrollment,0.00040215053705898056
categorical__State_SC,0.00039729763831326825
categorical__Plan_Type_EPO,0.00038810865422098757
categorical__State_ND,0.00038717085351425043
categorical__Financial_Information_https://www.naic.org/cis_refined_results.htm?TABLEAU=CIS_FINANCIAL&COCODE=96881&:refresh,0.0003863697568049674
categorical__Plan_Type_PPO,0.00038184884926239376
categorical__Financial_Information_https://www.naic.org/cis_refined_results.htm?TABLEAU=CIS_FINANCIAL&COCODE=44547&:refresh,0.00037802592212170185
categorical__Financial_Information_https://www.naic.org/cis_refined_results.htm?TABLEAU=CIS_FINANCIAL&COCODE=95643&:refresh,0.00035985113554156474
categorical__State_NH,0.0003465652451246869
categorical__State_UT,0.00032888111545256043
numeric__Disenrollment_Rate_Raw,0.0003201730618828067
categorical__Financial_Information_https://www.naic.org/cis_refined_results.htm?TABLEAU=CIS_FINANCIAL&COCODE=95153&:refresh,0.0003196290502018278
numeric__Issuer_Claims_Resubmitted_In_Network_suppressed,0.00031768155157813635
categorical__Financial_Information_https://www.naic.org/cis_refined_results.htm?TABLEAU=CIS_FINANCIAL&COCODE=95527&:refresh,0.0002998085697767343
categorical__Financial_Information_https://www.naic.org/cis_refined_results.htm?TABLEAU=CIS_FINANCIAL&COCODE=95232&:refresh,0.00029429603875567384
categorical__Financial_Information_https://www.naic.org/cis_refined_results.htm?TABLEAU=CIS_FINANCIAL&COCODE=96156&:refresh,0.00028960400615289915
categorical__Exchange_Type_SBE-FP,0.0002890272322217347
categorical__Financial_Information_https://www.naic.org/cis_refined_results.htm?TABLEAU=CIS_FINANCIAL&COCODE=95610&:refresh,0.0002813374706739912
categorical__source_sheet_Ind_QHP,0.00026531600437367485
categorical__Financial_Information_https://www.naic.org/cis_refined_results.htm?TABLEAU=CIS_FINANCIAL&COCODE=95311&:refresh,0.0002639330023132483
numeric__Plan_Number_Claims_Denied_Out_of_Network_suppressed,0.0002551558529818863
numeric__Issuer_Internal_Appeals_Filed_suppressed,0.0002479397842340978
numeric__Plan_Number_Claims_Denied_Other_suppressed,0.00024676693879344434
numeric__Plan_Number_Claims_Resubmitted_Out_of_Network_suppressed,0.00023678212565757964
categorical__State_IN,0.00022960079877455816
numeric__Plan_Number_Claims_Denied_Not_Medically_Necessary_Excluding_Behavioral_Health_suppressed,0.00022101910197818366
numeric__Plan_Number_Claims_Denied_Due_To_Enrolle_Benefit_Limit_Reached_suppressed,0.0002181487276185642
categorical__Plan_Type_POS,0.0002090545941204309
numeric__Plan_Number_Claims_Denied_Referral_Required_suppressed,0.00019999104067031404
categorical__Metal_Level_Gold,0.00019359742675044203
numeric__Plan_Number_Claims_Denied_Due_To_Administrative_Reason_suppressed,0.00019345410035455867
numeric__Plan_Number_Claims_Denied_Due_To_Investigational_Experimental_Cosmetic_Proceduce_suppressed,0.00018696730311174183
numeric__Plan_Number_Claims_Denied_Services_Excluded_suppressed,0.0001851827537335547
categorical__Financial_Information_https://content.naic.org/cis_refined_results.htm?TABLEAU=CIS_FINANCIAL&COCODE=16740&:refresh,0.00018306317340880676
numeric__Plan_Number_Claims_Denied_Due_To_Out_Of_Network_suppressed,0.00018051124437028836
numeric__Plan_Number_Claims_Denied_Due_To_Member_Not_Covered_suppressed,0.00016451446678634706
categorical__Financial_Information_https://www.naic.org/cis_refined_results.htm?TABLEAU=CIS_FINANCIAL&COCODE=79413&:refresh,0.0001606715103070776
categorical__Financial_Information_https://www.naic.org/cis_refined_results.htm?TABLEAU=CIS_FINANCIAL&COCODE=64246&:refresh,0.00015931755424706406
categorical__QHP or SADP?_QHP,0.0001579168075886972
categorical__State_MI,0.00015418421833187656
numeric__Issuer_Claims_Denied_In_Network_suppressed,0.00015245451381955608
categorical__Financial_Information_https://www.naic.org/cis_refined_results.htm?TABLEAU=CIS_FINANCIAL&COCODE=16751&:refresh,0.00014761573202917214
categorical__Metal_Level_Bronze,0.00013965170928616387
numeric__Plan_Number_Claims_Received_Out_of_Network_suppressed,0.00013892692495307067
categorical__Financial_Information_https://www.naic.org/cis_refined_results.htm?TABLEAU=CIS_FINANCIAL&COCODE=95657&:refresh,0.0001333725792633629
categorical__Metal_Level_Silver,0.00013046964518436633
numeric__Issuer_Claims_Received_Out_of_Network_suppressed,0.0001299016261283063
categorical__State_OH,0.00012740484258831774
numeric__Issuer_Out_of_Network_Denial_Rate_Invalid_Flag,0.00012693199563592754
categorical__Metal_Level_High,0.00012449059040228397
categorical__Financial_Information_https://www.naic.org/cis_refined_results.htm?TABLEAU=CIS_FINANCIAL&COCODE=95737&:refresh,0.00012322372578931767
numeric__Plan_Number_Claims_Resubmitted_In_Network_suppressed,0.00012257628433440693
categorical__Financial_Information_https://www.naic.org/cis_refined_results.htm?TABLEAU=CIS_FINANCIAL&COCODE=14154&:refresh,0.00012142501919957228
categorical__State_SD,0.00012014767575068845
categorical__State_AZ,0.0001179976104027661
categorical__State_KS,0.00011578392032166915
numeric__Issuer_Claims_Resubmitted_Out_of_Network_suppressed,0.00011298828070924714
categorical__Financial_Information_https://www.naic.org/cis_refined_results.htm?TABLEAU=CIS_FINANCIAL&COCODE=54631&:refresh,0.00011150441416590068
categorical__State_OR,0.00011124239565028219
categorical__State_NC,0.0001042540501218796
categorical__Financial_Information_https://www.naic.org/cis_refined_results.htm?TABLEAU=CIS_FINANCIAL&COCODE=95828&:refresh,0.00010341238137478297
numeric__Issuer_Claims_Denied_Out_of_Network_suppressed,0.0001028659940087347
categorical__source_sheet_SHOP,0.00010129455313505993
categorical__Financial_Information_https://www.naic.org/cis_refined_results.htm?TABLEAU=CIS_FINANCIAL&COCODE=95264&:refresh,9.145062746746899e-05
categorical__Metal_Level_Platinum,9.10633958189563e-05
categorical__Financial_Information_https://www.naic.org/cis_refined_results.htm?TABLEAU=CIS_FINANCIAL&COCODE=95383&:refresh,9.057654093481682e-05
categorical__Financial_Information_https://www.naic.org/cis_refined_results.htm?TABLEAU=CIS_FINANCIAL&COCODE=55891&:refresh,8.950719773477062e-05
numeric__Plan_Number_Claims_Denied_Not_Medically_Necessary_Behavioral_Health_Only_suppressed,8.918358789819278e-05
categorical__Metal_Level_Catastrophic,8.773402332907264e-05
categorical__Financial_Information_https://content.naic.org/cis_refined_results.htm?TABLEAU=CIS_FINANCIAL&COCODE=95657&:refresh,8.702723980222051e-05
numeric__Plan_to_Issuer_Denied_Claim_Ratio_Missing_Flag,8.546968269872187e-05
categorical__Financial_Information_https://www.naic.org/cis_refined_results.htm?TABLEAU=CIS_FINANCIAL&COCODE=92525&:refresh,8.134522964060029e-05
categorical__Financial_Information_https://www.naic.org/cis_refined_results.htm?TABLEAU=CIS_FINANCIAL&COCODE=95839&:refresh,8.120559906737548e-05
numeric__Plan_Number_Claims_Received_In_Network_suppressed,8.117412063247092e-05
categorical__State_MO,7.932821787086422e-05
categorical__Financial_Information_https://www.naic.org/cis_refined_results.htm?TABLEAU=CIS_FINANCIAL&COCODE=60040&:refresh,7.868997562950257e-05
numeric__Issuer_Claims_Received_In_Network_suppressed,7.718593491737002e-05
categorical__Financial_Information_https://www.naic.org/cis_refined_results.htm?TABLEAU=CIS_FINANCIAL&COCODE=90638&:refresh,7.610781744278652e-05
categorical__Financial_Information_https://www.naic.org/cis_refined_results.htm?TABLEAU=CIS_FINANCIAL&COCODE=95647&:refresh,7.516314563777774e-05
categorical__Financial_Information_https://www.naic.org/cis_refined_results.htm?TABLEAU=CIS_FINANCIAL&COCODE=95448&:refresh,7.510864908571424e-05
categorical__Financial_Information_https://www.naic.org/cis_refined_results.htm?TABLEAU=CIS_FINANCIAL&COCODE=95683&:refresh,7.391469239212897e-05
categorical__Financial_Information_https://www.naic.org/cis_refined_results.htm?TABLEAU=CIS_FINANCIAL&COCODE=15061&:refresh,7.099260994523394e-05
categorical__Individual/SHOP_Individual,7.047997429987774e-05
categorical__Financial_Information_https://www.naic.org/cis_refined_results.htm?TABLEAU=CIS_FINANCIAL&COCODE=55034&:refresh,6.500953110722206e-05
categorical__Financial_Information_https://www.naic.org/cis_refined_results.htm?TABLEAU=CIS_FINANCIAL&COCODE=95716&:refresh,6.085534132223421e-05
categorical__State_MT,6.055443772100872e-05
categorical__Financial_Information_https://www.naic.org/cis_refined_results.htm?TABLEAU=CIS_FINANCIAL&COCODE=80799&:refresh,6.0359965127833835e-05
categorical__Financial_Information_https://www.naic.org/cis_refined_results.htm?TABLEAU=CIS_FINANCIAL&COCODE=53759&:refresh,5.84132407526544e-05
categorical__Financial_Information_https://www.naic.org/cis_refined_results.htm?TABLEAU=CIS_FINANCIAL&COCODE=95442&:refresh,5.740996874016893e-05
categorical__State_AL,5.717254485079426e-05
categorical__Financial_Information_https://www.naic.org/cis_refined_results.htm?TABLEAU=CIS_FINANCIAL&COCODE=53589&:refresh,4.981083602314955e-05
categorical__Financial_Information_https://www.naic.org/cis_refined_results.htm?TABLEAU=CIS_FINANCIAL&COCODE=95089&:refresh,4.788534046631153e-05
numeric__Plan_Number_Claims_Denied_In_Network_suppressed,4.5816088069265324e-05
categorical__Financial_Information_https://www.naic.org/cis_refined_results.htm?TABLEAU=CIS_FINANCIAL&COCODE=47171&:refresh,4.146663166284206e-05
categorical__Financial_Information_https://www.naic.org/cis_refined_results.htm?TABLEAU=CIS_FINANCIAL&COCODE=16474&:refresh,3.9891162456566044e-05
numeric__Other_Denial_Rate_Invalid_Flag,3.9369537547658264e-05
categorical__Financial_Information_https://www.naic.org/cis_refined_results.htm?TABLEAU=CIS_FINANCIAL&COCODE=12195&:refresh,3.883170747231704e-05
categorical__State_MS,3.783674947033955e-05
categorical__Financial_Information_https://www.naic.org/cis_refined_results.htm?TABLEAU=CIS_FINANCIAL&COCODE=11143&:refresh,3.734387345393176e-05
categorical__Financial_Information_https://www.naic.org/cis_refined_results.htm?TABLEAU=CIS_FINANCIAL&COCODE=95467&:refresh,3.7092253986889236e-05
categorical__Financial_Information_https://www.naic.org/cis_refined_results.htm?TABLEAU=CIS_FINANCIAL&COCODE=95561&:refresh,3.69816372117455e-05
categorical__Financial_Information_https://www.naic.org/cis_refined_results.htm?TABLEAU=CIS_FINANCIAL&COCODE=16539&:refresh,3.418302085440198e-05
categorical__Individual/SHOP_SHOP,3.3554681251170436e-05
categorical__Financial_Information_https://www.naic.org/cis_refined_results.htm?TABLEAU=CIS_FINANCIAL&COCODE=10649&:refresh,3.315800489924832e-05
categorical__Financial_Information_https://www.naic.org/cis_refined_results.htm?TABLEAU=CIS_FINANCIAL&COCODE=95796&:refresh,3.280022636102211e-05
categorical__Financial_Information_https://www.naic.org/cis_refined_results.htm?TABLEAU=CIS_FINANCIAL&COCODE=14217&:refresh,3.0173150668667837e-05
categorical__Financial_Information_https://www.naic.org/cis_refined_results.htm?TABLEAU=CIS_FINANCIAL&COCODE=95710&:refresh,2.835749944392838e-05
categorical__Financial_Information_https://www.naic.org/cis_refined_results.htm?TABLEAU=CIS_FINANCIAL&COCODE=54976&:refresh,2.8351375038890707e-05
categorical__Financial_Information_https://www.naic.org/cis_refined_results.htm?TABLEAU=CIS_FINANCIAL&COCODE=14378&:refresh,2.8285521062266408e-05
categorical__Financial_Information_https://www.naic.org/cis_refined_results.htm?TABLEAU=CIS_FINANCIAL&COCODE=16852&:refresh,2.780654425129978e-05
categorical__Financial_Information_https://www.naic.org/cis_refined_results.htm?TABLEAU=CIS_FINANCIAL&COCODE=96903&:refresh,2.7154843401253914e-05
categorical__Financial_Information_https://www.naic.org/cis_refined_results.htm?TABLEAU=CIS_FINANCIAL&COCODE=15926&:refresh,2.7013259470056478e-05
categorical__Financial_Information_https://www.naic.org/cis_refined_results.htm?TABLEAU=CIS_FINANCIAL&COCODE=11518&:refresh,2.463674165956448e-05
categorical__State_DE,2.4506323249766586e-05
categorical__State_HI,2.3768517285682547e-05
categorical__Financial_Information_https://www.naic.org/cis_refined_results.htm?TABLEAU=CIS_FINANCIAL&COCODE=95502&:refresh,2.3449394374296734e-05
categorical__Financial_Information_https://www.naic.org/cis_refined_results.htm?TABLEAU=CIS_FINANCIAL&COCODE=53767&:refresh,2.294156321191597e-05
categorical__Financial_Information_https://www.naic.org/cis_refined_results.htm?TABLEAU=CIS_FINANCIAL&COCODE=16635&:refresh,2.186901428611876e-05
categorical__Financial_Information_https://www.naic.org/cis_refined_results.htm?TABLEAU=CIS_FINANCIAL&COCODE=60128&:refresh,2.1591529478713702e-05
categorical__Financial_Information_https://www.naic.org/cis_refined_results.htm?TABLEAU=CIS_FINANCIAL&COCODE=17293&:refresh,2.0886942455546523e-05
categorical__Financial_Information_https://www.naic.org/cis_refined_results.htm?TABLEAU=CIS_FINANCIAL&COCODE=16395&:refresh,2.0231902748135624e-05
categorical__Financial_Information_https://www.naic.org/cis_refined_results.htm?TABLEAU=CIS_FINANCIAL&COCODE=49948&:refresh,1.8955723379548394e-05
categorical__Financial_Information_https://www.naic.org/cis_refined_results.htm?TABLEAU=CIS_FINANCIAL&COCODE=95303&:refresh,1.7142462417048452e-05
categorical__Financial_Information_https://www.naic.org/cis_refined_results.htm?TABLEAU=CIS_FINANCIAL&COCODE=15762&:refresh,1.689639421520963e-05
numeric__Administrative_Denial_Rate_Invalid_Flag,1.5810110618108585e-05
numeric__Plan_Out_of_Network_Denial_Rate_Invalid_Flag,1.528843549370557e-05
categorical__Financial_Information_https://www.naic.org/cis_refined_results.htm?TABLEAU=CIS_FINANCIAL&COCODE=95765&:refresh,1.4958866723498454e-05
categorical__Financial_Information_https://content.naic.org/cis_refined_results.htm?TABLEAU=CIS_FINANCIAL&COCODE=95186&:refresh,1.287341218379765e-05
categorical__Financial_Information_https://www.naic.org/cis_refined_results.htm?TABLEAU=CIS_FINANCIAL&COCODE=83470&:refresh,1.2433049843077183e-05
categorical__Financial_Information_https://www.naic.org/cis_refined_results.htm?TABLEAU=CIS_FINANCIAL&COCODE=95112&:refresh,1.1889152480064795e-05
categorical__State_WY,1.1753024016345208e-05
categorical__Financial_Information_https://www.naic.org/cis_refined_results.htm?TABLEAU=CIS_FINANCIAL&COCODE=15329&:refresh,1.1381123417564119e-05
categorical__Financial_Information_https://www.naic.org/cis_refined_results.htm?TABLEAU=CIS_FINANCIAL&COCODE=17437&:refresh,1.077979212669646e-05
categorical__Financial_Information_https://www.naic.org/cis_refined_results.htm?TABLEAU=CIS_FINANCIAL&COCODE=55433&:refresh,1.0732021101920524e-05
categorical__Financial_Information_https://www.naic.org/cis_refined_results.htm?TABLEAU=CIS_FINANCIAL&COCODE=54941&:refresh,1.0686409401877865e-05
categorical__Financial_Information_https://www.naic.org/cis_refined_results.htm?TABLEAU=CIS_FINANCIAL&COCODE=12515&:refresh,1.0004146049415794e-05
categorical__Financial_Information_https://www.naic.org/cis_refined_results.htm?TABLEAU=CIS_FINANCIAL&COCODE=12307&:refresh,9.873966655514113e-06
categorical__Financial_Information_https://www.naic.org/cis_refined_results.htm?TABLEAU=CIS_FINANCIAL&COCODE=17514&:refresh,9.250299683111532e-06
categorical__Financial_Information_https://www.naic.org/cis_refined_results.htm?TABLEAU=CIS_FINANCIAL&COCODE=95206&:refresh,8.796656943700646e-06
categorical__Financial_Information_https://www.naic.org/cis_refined_results.htm?TABLEAU=CIS_FINANCIAL&COCODE=47570&:refresh,8.482142322155349e-06
categorical__Financial_Information_https://www.naic.org/cis_refined_results.htm?TABLEAU=CIS_FINANCIAL&COCODE=47155&:refresh,7.902766906727633e-06
categorical__Financial_Information_https://www.naic.org/cis_refined_results.htm?TABLEAU=CIS_FINANCIAL&COCODE=95125&:refresh,7.3631516003412525e-06
categorical__Financial_Information_https://www.naic.org/cis_refined_results.htm?TABLEAU=CIS_FINANCIAL&COCODE=47079&:refresh,7.047544440034581e-06
categorical__Financial_Information_https://www.naic.org/cis_refined_results.htm?TABLEAU=CIS_FINANCIAL&COCODE=96016&:refresh,6.350885868617907e-06
categorical__Financial_Information_https://www.naic.org/cis_refined_results.htm?TABLEAU=CIS_FINANCIAL&COCODE=95005&:refresh,6.1700008260750594e-06
categorical__Financial_Information_https://www.naic.org/cis_refined_results.htm?TABLEAU=CIS_FINANCIAL&COCODE=54933&:refresh,5.737174169559362e-06
categorical__Financial_Information_https://www.naic.org/cis_refined_results.htm?TABLEAU=CIS_FINANCIAL&COCODE=17366&:refresh,5.482477941712903e-06
categorical__Financial_Information_https://www.naic.org/cis_refined_results.htm?TABLEAU=CIS_FINANCIAL&COCODE=95458&:refresh,4.893517376906992e-06
categorical__Financial_Information_https://www.naic.org/cis_refined_results.htm?TABLEAU=CIS_FINANCIAL&COCODE=17508&:refresh,4.637282888476406e-06
categorical__Plan_Type_Indemnity,4.187541893770414e-06
categorical__Financial_Information_https://www.naic.org/cis_refined_results.htm?TABLEAU=CIS_FINANCIAL&COCODE=53287&:refresh,4.144292279691352e-06
categorical__Financial_Information_https://www.naic.org/cis_refined_results.htm?TABLEAU=CIS_FINANCIAL&COCODE=98167&:refresh,4.008974905076069e-06
categorical__Financial_Information_https://www.naic.org/cis_refined_results.htm?TABLEAU=CIS_FINANCIAL&COCODE=52556&:refresh,3.9884959757624714e-06
categorical__Financial_Information_https://www.naic.org/cis_refined_results.htm?TABLEAU=CIS_FINANCIAL&COCODE=95540&:refresh,3.741946051434984e-06
categorical__Financial_Information_https://www.naic.org/cis_refined_results.htm?TABLEAU=CIS_FINANCIAL&COCODE=61700&:refresh,3.7409174465390704e-06
categorical__Financial_Information_https://www.naic.org/cis_refined_results.htm?TABLEAU=CIS_FINANCIAL&COCODE=73288&:refresh,3.7285607755407e-06
categorical__Financial_Information_https://www.naic.org/cis_refined_results.htm?TABLEAU=CIS_FINANCIAL&COCODE=96687&:refresh,3.6238669752864868e-06
categorical__Financial_Information_https://www.naic.org/cis_refined_results.htm?TABLEAU=CIS_FINANCIAL&COCODE=96717&:refresh,3.5437431031020626e-06
categorical__Financial_Information_https://www.naic.org/cis_refined_results.htm?TABLEAU=CIS_FINANCIAL&COCODE=47091&:refresh,3.3085084207431226e-06
categorical__Financial_Information_https://www.naic.org/cis_refined_results.htm?TABLEAU=CIS_FINANCIAL&COCODE=95099&:refresh,2.044581049300744e-06
categorical__Financial_Information_https://www.naic.org/cis_refined_results.htm?TABLEAU=CIS_FINANCIAL&COCODE=53597&:refresh,2.005104557538446e-06
categorical__Financial_Information_https://WWW.naic.org/cis_refined_results.htm?TABLEAU=CIS_FINANCIAL&COCODE=92525&:refresh,1.1823380233327997e-06
categorical__Financial_Information_https://www.naic.org/cis_refined_results.htm?TABLEAU=CIS_FINANCIAL&COCODE=67369&:refresh,9.893487231892753e-07
categorical__Financial_Information_https://www.naic.org/cis_refined_results.htm?TABLEAU=CIS_FINANCIAL&COCODE=13128&:refresh,2.1874539965024495e-08
categorical__Financial_Information_https://www.naic.org/cis_refined_results.htm?TABLEAU=CIS_FINANCIAL&COCODE=54828&:refresh,1.0428350361982003e-08
categorical__Financial_Information_https://www.naic.org/cis_refined_results.htm?TABLEAU=CIS_FINANCIAL&COCODE=95831&:refresh,1.0142323710113844e-08
categorical__Financial_Information_https://www.naic.org/cis_refined_results.htm?TABLEAU=CIS_FINANCIAL&COCODE=11256&:refresh,1.153221790106064e-16
categorical__Financial_Information_https://www.naic.org/cis_refined_results.htm?TABLEAU=CIS_FINANCIAL&COCODE=17404&:refresh,8.300348494913305e-17
categorical__Financial_Information_https://www.naic.org/cis_refined_results.htm?TABLEAU=CIS_FINANCIAL&COCODE=95174&:refresh,6.823874575656424e-17
categorical__Financial_Information_https://www.naic.org/cis_refined_results.htm?TABLEAU=CIS_FINANCIAL&COCODE=17613&:refresh,5.0760689148028093e-17
categorical__Financial_Information_https://www.naic.org/cis_refined_results.htm?TABLEAU=CIS_FINANCIAL&COCODE=16337&:refresh,4.9703613014894494e-17
categorical__Financial_Information_https://www.naic.org/cis_refined_results.htm?TABLEAU=CIS_FINANCIAL&COCODE=13726&:refresh,4.82750041347941e-17
categorical__Financial_Information_https://content.naic.org/cis_refined_results.htm?TABLEAU=CIS_FINANCIAL&COCODE=64246&:refresh,3.6735237578087056e-17
categorical__Financial_Information_https://www.naic.org/cis_refined_results.htm?TABLEAU=CIS_FINANCIAL&COCODE=13203&:refresh,3.458229882483009e-17
categorical__Financial_Information_https://www.naic.org/cis_refined_results.htm?TABLEAU=CIS_FINANCIAL&COCODE=95201&:refresh,3.364078885738731e-17
categorical__Financial_Information_https://www.naic.org/cis_refined_results.htm?TABLEAU=CIS_FINANCIAL&COCODE=14933&:refresh,3.152882218636894e-17
categorical__Financial_Information_https://content.naic.org/cis_refined_results.htm?TABLEAU=CIS_FINANCIAL&COCODE=95136&:refresh,2.9933596743096084e-17
categorical__Financial_Information_https://www.naic.org/cis_refined_results.htm?TABLEAU=CIS_FINANCIAL&COCODE=16499&:refresh,2.8965118066487194e-17
categorical__Financial_Information_https://www.naic.org/cis_refined_results.htm?TABLEAU=CIS_FINANCIAL&COCODE=54550&:refresh,2.6170718807763158e-17
categorical__Financial_Information_https://www.naic.org/cis_refined_results.htm?TABLEAU=CIS_FINANCIAL&COCODE=16202&:refresh,2.3045123006560867e-17
categorical__Financial_Information_https://www.naic.org/cis_refined_results.htm?TABLEAU=CIS_FINANCIAL&COCODE=15728&:refresh,2.2860297613181648e-17
categorical__State_WV,2.098598651714203e-17
numeric__Referral_Required_Denial_Rate_Invalid_Flag,1.0000247127447059e-17
categorical__Financial_Information_https://www.naic.org/cis_refined_results.htm?TABLEAU=CIS_FINANCIAL&COCODE=12959&:refresh,9.84448443652348e-18
categorical__State_AK,8.17379658678313e-18
categorical__Financial_Information_https://www.naic.org/cis_refined_results.htm?TABLEAU=CIS_FINANCIAL&COCODE=15648&:refresh,5.995257888087829e-18
categorical__Financial_Information_https://www.naic.org/cis_refined_results.htm?TABLEAU=CIS_FINANCIAL&COCODE=70729&:refresh,5.002254488456854e-18
categorical__Financial_Information_https://content.naic.org/cis_refined_results.htm?TABLEAU=CIS_FINANCIAL&COCODE=95839&:refresh,4.282303041034048e-18
categorical__Financial_Information_https://www.naic.org/cis_refined_results.htm?TABLEAU=CIS_FINANCIAL&COCODE=16892&:refresh,2.1632503620275237e-18
categorical__Financial_Information_https://www.naic.org/cis_refined_results.htm?TABLEAU=CIS_FINANCIAL&COCODE=16416&:refresh,1.033885625509802e-18
categorical__Financial_Information_https://www.naic.org/cis_refined_results.htm?TABLEAU=CIS_FINANCIAL&COCODE=13148&:refresh,7.90484029364167e-19
categorical__Financial_Information_https://www.naic.org/cis_refined_results.htm?TABLEAU=CIS_FINANCIAL&COCODE=14151&:refresh,3.143187053499543e-19
categorical__Financial_Information_https://www.naic.org/cis_refined_results.htm?TABLEAU=CIS_FINANCIAL&COCODE=12341&:refresh,2.8966634677351747e-19
categorical__Financial_Information_https://www.naic.org/cis_refined_results.htm?TABLEAU=CIS_FINANCIAL&COCODE=16348&:refresh,2.313672638524646e-19
categorical__Financial_Information_https://www.naic.org/cis_refined_results.htm?TABLEAU=CIS_FINANCIAL&COCODE=95531&:refresh,2.2967379743315393e-19
categorical__Financial_Information_https://www.naic.org/cis_refined_results.htm?TABLEAU=CIS_FINANCIAL&COCODE=12334&:refresh,1.1508052752358764e-19
categorical__Financial_Information_https://www.naic.org/cis_refined_results.htm?TABLEAU=CIS_FINANCIAL&COCODE=55786&:refresh,9.014349767269506e-20
categorical__Financial_Information_https://www.naic.org/cis_refined_results.htm?TABLEAU=CIS_FINANCIAL&COCODE=95132&:refresh,4.8698838663771956e-20
categorical__Financial_Information_https://www.naic.org/cis_refined_results.htm?TABLEAU=CIS_FINANCIAL&COCODE=47098&:refresh,3.037302893843869e-20
categorical__Financial_Information_https://www.naic.org/cis_refined_results.htm?TABLEAU=CIS_FINANCIAL&COCODE=10345&:refresh,2.359958230082926e-20
categorical__Financial_Information_https://www.naic.org/cis_refined_results.htm?TABLEAU=CIS_FINANCIAL&COCODE=67636&:refresh,0.0
numeric__External_Overturned_Exceeds_Appeals,0.0
numeric__Issuer_In_Network_Resubmission_Rate_Invalid_Flag,0.0
numeric__Total_Appeal_to_Denial_Rate_Invalid_Flag,0.0
numeric__External_Appeal_to_Denial_Rate_Invalid_Flag,0.0
numeric__Internal_Appeal_to_Denial_Rate_Invalid_Flag,0.0
categorical__Financial_Information_https://www.naic.org/cis_refined_results.htm?TABLEAU=CIS_FINANCIAL&COCODE=95814&:refresh,0.0
numeric__Issuer_Overall_Resubmission_Rate_Invalid_Flag,0.0
numeric__Benefit_Limit_Denial_Rate_Invalid_Flag,0.0
numeric__Issuer_Out_of_Network_Resubmission_Rate_Invalid_Flag,0.0
numeric__Services_Excluded_Denial_Rate_Invalid_Flag,0.0
numeric__Issuer_Resubmitted_Exceeds_Received,0.0
numeric__Behavioral_Health_Medical_Necessity_Denial_Rate_Invalid_Flag,0.0
numeric__Medical_Necessity_Denial_Rate_Invalid_Flag,0.0
numeric__Plan_Resubmitted_Exceeds_Received,0.0
numeric__Issuer_Denied_Exceeds_Received,0.0
numeric__Plan_to_Issuer_Denied_Claim_Ratio_Invalid_Flag,0.0
numeric__Plan_Denied_Exceeds_Received,0.0
numeric__Issuer_In_Network_Denial_Rate_Invalid_Flag,0.0
numeric__Out_of_Network_Denial_Rate_Invalid_Flag,0.0
numeric__Plan_to_Issuer_Claim_Volume_Ratio_Invalid_Flag,0.0
numeric__Issuer_Overall_Denial_Rate_Invalid_Flag,0.0
numeric__Plan_Overall_Resubmission_Rate_Invalid_Flag,0.0
categorical__Financial_Information_https://www.naic.org/cis_refined_results.htm?TABLEAU=CIS_FINANCIAL&COCODE=95693&:refresh,0.0
categorical__Financial_Information_https://www.naic.org/cis_refined_results.htm?TABLEAU=CIS_FINANCIAL&COCODE=76031&:refresh,0.0
categorical__Financial_Information_https://www.naic.org/cis_refined_results.htm?TABLEAU=CIS_FINANCIAL&COCODE=73474&:refresh,0.0
categorical__Financial_Information_https://www.naic.org/cis_refined_results.htm?TABLEAU=CIS_FINANCIAL&COCODE=81200&:refresh,0.0
categorical__Financial_Information_https://www.naic.org/cis_refined_results.htm?TABLEAU=CIS_FINANCIAL&COCODE=78972&:refresh,0.0
categorical__Financial_Information_https://www.naic.org/cis_refined_results.htm?TABLEAU=CIS_FINANCIAL&COCODE=77828&:refresh,0.0
categorical__Financial_Information_https://www.naic.org/cis_refined_results.htm?TABLEAU=CIS_FINANCIAL&COCODE=95378&:refresh,0.0
numeric__Plan_In_Network_Resubmission_Rate_Invalid_Flag,0.0
numeric__Plan_Out_of_Network_Resubmission_Rate_Invalid_Flag,0.0
numeric__Internal_Overturned_Exceeds_Appeals,0.0
numeric__Plan_In_Network_Denial_Rate_Invalid_Flag,0.0
categorical__Financial_Information_https://www.naic.org/cis_refined_results.htm?TABLEAU=CIS_FINANCIAL&COCODE=16610&:refresh,0.0
categorical__Financial_Information_https://www.naic.org/cis_refined_results.htm?TABLEAU=CIS_FINANCIAL&COCODE=15713&:refresh,0.0
categorical__Financial_Information_https://www.naic.org/cis_refined_results.htm?TABLEAU=CIS_FINANCIAL&COCODE=14078&:refresh,0.0
numeric__Claims_Per_Enrollee_Invalid_Flag,0.0
numeric__Resubmitted_Claims_Per_Enrollee_Invalid_Flag,0.0
numeric__Denied_Claims_Per_Enrollee_Invalid_Flag,0.0
numeric__Investigational_Experimental_Cosmetic_Denial_Rate_Invalid_Flag,0.0
numeric__Member_Not_Covered_Denial_Rate_Invalid_Flag,0.0
categorical__Rate_Review_https://ratereview.healthcare.gov/,0.0
categorical__Financial_Information_https://content.naic.org/cis_refined_results.htm?TABLEAU=CIS_FINANCIAL&COCODE=12515&:refresh,0.0
categorical__Financial_Information_https://content.naic.org/cis_refined_results.htm?TABLEAU=CIS_FINANCIAL&COCODE=16374&:refresh,0.0
categorical__Financial_Information_https://content.naic.org/cis_refined_results.htm?TABLEAU=CIS_FINANCIAL&COCODE=17423&:refresh,0.0
categorical__Financial_Information_https://www.naic.org/cis_refined_results.htm?TABLEAU=CIS_FINANCIAL&COCODE=10142&:refresh,0.0
categorical__Financial_Information_https://www.naic.org/cis_refined_results.htm?TABLEAU=CIS_FINANCIAL&COCODE=11538&:refresh,0.0
categorical__Financial_Information_https://www.naic.org/cis_refined_results.htm?TABLEAU=CIS_FINANCIAL&COCODE=11834&:refresh,0.0
categorical__Financial_Information_https://www.naic.org/cis_refined_results.htm?TABLEAU=CIS_FINANCIAL&COCODE=12168&:refresh,0.0
numeric__Disenrollment_Rate_Invalid_Flag,0.0
categorical__Financial_Information_https://www.naic.org/cis_refined_results.htm?TABLEAU=CIS_FINANCIAL&COCODE=54046&:refresh,0.0
categorical__Financial_Information_https://www.naic.org/cis_refined_results.htm?TABLEAU=CIS_FINANCIAL&COCODE=54291&:refresh,0.0
categorical__Financial_Information_https://www.naic.org/cis_refined_results.htm?TABLEAU=CIS_FINANCIAL&COCODE=47490&:refresh,0.0
categorical__Financial_Information_https://www.naic.org/cis_refined_results.htm?TABLEAU=CIS_FINANCIAL&COCODE=17510&:refresh,0.0
categorical__Financial_Information_https://www.naic.org/cis_refined_results.htm?TABLEAU=CIS_FINANCIAL&COCODE=54003&:refresh,0.0
categorical__Financial_Information_https://www.naic.org/cis_refined_results.htm?TABLEAU=CIS_FINANCIAL&COCODE=95103&:refresh,0.0
numeric__Plan_Overall_Denial_Rate_Invalid_Flag,0.0
numeric__Plan_In_Network_Claim_Ratio_Invalid_Flag,0.0
numeric__Issuer_Out_of_Network_Claim_Ratio_Invalid_Flag,0.0
numeric__Issuer_In_Network_Claim_Ratio_Invalid_Flag,0.0
numeric__Plan_Out_of_Network_Claim_Ratio_Invalid_Flag,0.0
numeric__Overall_Appeal_Overturn_Rate_Invalid_Flag,0.0
numeric__External_Appeal_Overturn_Rate_Invalid_Flag,0.0
numeric__Internal_Appeal_Overturn_Rate_Invalid_Flag,0.0
categorical__Financial_Information_https://www.naic.org/cis_refined_results.htm?TABLEAU=CIS_FINANCIAL&COCODE=95642&:refresh,0.0
